sku,store_view_code,attribute_set_code,product_type,categories,product_websites,name,description,short_description,weight,status,visibility,price,special_price,special_from_date,special_to_date,tax_class_name,qty,is_in_stock,manufacturer,ean,supplier,url_key
000053025,default,Default,simple,54,base,Ephynal 20cpr Riv Mast 100mg,Ephynal*20cpr Riv Mast 100mg,Ephynal*20cpr Riv Mast 100mg,1,1,4,6.84,,,,Taxable Goods,0,0,221,000053025,2759,ephynal-20cpr-riv-mast-100mg-000053025
000053037,default,Default,simple,54,base,Ephynal 30cps 300mg,Ephynal*30cps 300mg,Ephynal*30cps 300mg,1,1,4,7.92,,,,Taxable Goods,0,0,221,000053037,2759,ephynal-30cps-300mg-000053037
000097028,default,Default,simple,54,base,Peptopancreasi os Soluz 140g,Peptopancreasi*os Soluz 140g,Peptopancreasi*os Soluz 140g,1,1,4,7.38,,,,Taxable Goods,1,1,222,000097028,2759,peptopancreasi-os-soluz-140g-000097028
000248031,default,Default,simple,54,base,Pilocarpina Clor coll 10ml 1%,Pilocarpina Clor*coll 10ml 1%,Pilocarpina Clor*coll 10ml 1%,1,1,4,4.00,,,,Taxable Goods,1,1,2732,000248031,2759,pilocarpina-clor-coll-10ml-1-000248031
000248056,default,Default,simple,54,base,Pilocarpina Clor coll 10ml 2%,Pilocarpina Clor*coll 10ml 2%,Pilocarpina Clor*coll 10ml 2%,1,1,4,4.42,,,,Taxable Goods,0,0,2732,000248056,2759,pilocarpina-clor-coll-10ml-2-000248056
000307037,default,Default,simple,54,base,Atropina Lux coll 10ml 5mg/ml,Atropina Lux*coll 10ml 5mg/ml,Atropina Lux*coll 10ml 5mg/ml,1,1,4,5.62,,,,Taxable Goods,0,0,2732,000307037,2759,atropina-lux-coll-10ml-5mg-ml-000307037
000307052,default,Default,simple,54,base,Atropina Lux coll 10ml 10mg/ml,Atropina Lux*coll 10ml 10mg/ml,Atropina Lux*coll 10ml 10mg/ml,1,1,4,6.34,,,,Taxable Goods,0,0,2732,000307052,2759,atropina-lux-coll-10ml-10mg-ml-000307052
000307088,default,Default,simple,54,base,Atropina Lux ung Oft 1% 5g,Atropina Lux*ung Oft 1% 5g,Atropina Lux*ung Oft 1% 5g,1,1,4,3.12,,,,Taxable Goods,0,0,336,000307088,2759,atropina-lux-ung-oft-1-5g-000307088
000367058,default,Default,simple,54,base,TISANA KELEMATA polvere,"<h3>Denominazione</h3>  <p>TISANA KELEMATA polvere</p>  <h3>Principi attivi</h3>  <p>100 g contengono: <b>Principio attivo:</b> Senna foglie g 51,28 <b>Aromatizzanti ed eccipienti:</b> Gramigna rizoma g 12,83 Guaiaco legno g 6,41 Issopo foglie g 6,41 Parietaria foglie g 6,41 Menta piperita foglie g 5,13 Salsapariglia radici g 6,41 Anice stellato frutti g 2,56 Melissa sommit&agrave; g 2,56</p>  <h3>Eccipienti</h3>  <p>Gramigna, guaiaco, issopo, parietaria, menta piperita, salsapariglia, anice stellato e melissa.</p>  <h3>Indicazioni terapeutiche</h3>  <p>Trattamento di breve durata della stitichezza occasionale.</p>  <h3>Posologia</h3>  <p>La dose corretta &egrave; quella minima sufficiente a produrre una facile evacuazione di feci molli. E&rsquo; consigliabile usare inizialmente le dosi minime previste. Quando necessario, la dose pu&ograve; essere aumentata, ma senza mai superare quella massima indicata. Assumere preferibilmente la sera. I lassativi devono essere usati il meno frequentemente possibile e per non pi&ugrave; di sette giorni. L&rsquo;uso per periodi di tempo maggiori richiede la prescrizione del medico dopo adeguata valutazione del singolo caso. Ingerire insieme ad una adeguata quantit&agrave; di acqua. Una dieta ricca di liquidi favorisce l&rsquo;effetto del medicinale. Prendere la tisana preparata secondo le modalit&agrave; sotto indicate: mettere in una tazza da t&egrave; 1-2 cucchiaini di Tisana Kelemata; versare sopra acqua bollente e lasciare in infusione per 10-15 minuti, quindi colare. Non superare le dosi consigliate.</p>  <h3>Controindicazioni</h3>  <p>Ipersensibilit&agrave; al principio attivo o ad uno qualsiasi degli eccipienti. I lassativi sono controindicati nei soggetti con dolore addominale acuto o di origine sconosciuta, nausea o vomito, ostruzione o stenosi intestinale, sanguinamento rettale di origine sconosciuta, grave stato di disidratazione. Generalmente controindicato durante la gravidanza e l&rsquo;allattamento (vedere p. 4.6). Controindicato nei bambini di et&agrave; inferiore a 10 anni.</p>  <h3>Avvertenze e precauzioni</h3>  <p><b>Avvertenze.</b> L&rsquo;abuso di lassativi (uso frequente o prolungato o con dosi eccessive) pu&ograve; causare diarrea persistente con conseguente perdita di acqua, sali minerali (specialmente potassio) e altri fattori nutritivi essenziali. Nei casi pi&ugrave; gravi &egrave; possibile l&rsquo;insorgenza di disidratazione o ipopotassiemia la quale pu&ograve; determinare disfunzioni cardiache o neuromuscolari, specialmente in caso di contemporaneo trattamento con glicosidi cardiaci, diuretici o corticosteroidi. L&rsquo;abuso di lassativi, specialmente quelli di contatto (lassativi stimolanti) pu&ograve; causare dipendenza (e, quindi, possibile necessit&agrave; di aumentare progressivamente il dosaggio), stitichezza cronica e perdita delle normali funzioni intestinali (atonia intestinale). <b>Precauzioni per l&rsquo;uso.</b> Nei bambini al di sotto dei 12 anni il medicinale pu&ograve; essere usato solo dopo aver consultato il medico. Il trattamento della stitichezza cronica o ricorrente richiede sempre l'intervento del medico per la diagnosi, la prescrizione dei farmaci e la sorveglianza nel corso della terapia. Consultare il medico quando la necessit&agrave; del lassativo deriva da un improvviso cambiamento delle precedenti abitudini intestinali (frequenza e caratteristiche delle evacuazioni) che duri da pi&ugrave; di due settimane o quando l'uso del lassativo non riesce a produrre effetti. E' inoltre opportuno che i soggetti anziani o in non buone condizioni di salute consultino il medico prima di usare il medicinale.</p>  <h3>Interazioni</h3>  <p>I lassativi possono ridurre il tempo di permanenza nell&rsquo;intestino, e, quindi, l&rsquo;assorbimento, di altri farmaci somministrati contemporaneamente per via orale. Evitare, quindi di ingerire contemporaneamente lassativi ed altri farmaci: dopo avere preso un medicinale lasciare trascorrere un intervallo di almeno due ore prima di prendere il lassativo. Il latte o gli antiacidi possono modificare l&rsquo;effetto del medicinale; lasciare trascorrere un intervallo di almeno un ora prima di prendere il lassativo.</p>  <h3>Gravidanza e allattamento</h3>  <p>Non esistono studi adeguati e ben controllati sull&rsquo;uso del medicinale in gravidanza o nell&rsquo;allattamento. Pertanto il medicinale deve essere usato solo in caso di necessit&agrave;, sotto il diretto controllo del medico, dopo aver valutato il beneficio atteso per la madre in rapporto al possibile rischio per il feto o per il lattante.</p>  <h3>Effetti sulla guida e sull'uso di macchinari</h3>  <p>Nessuno.</p>  <h3>Effetti indesiderati</h3>  <p>Occasionalmente: dolori crampiformi isolati o coliche addominali, pi&ugrave; frequenti nei casi di stitichezza grave. Con l&rsquo;uso del prodotto, le urine talvolta si colorano leggermente in giallo-bruno o rosso. Tale colorazione &egrave; semplicemente dovuta alla presenza nelle urine di componenti della senna e non &egrave; clinicamente significativa.</p>  <h3>Sovradosaggio</h3>  <p>Dosi eccessive possono causare dolori addominali e diarrea; le conseguenti perdite di liquidi ed elettroliti devono essere rimpiazzate. Vedere inoltre quanto riportato nel paragrafo &ldquo;Speciali avvertenze e precauzioni per l&rsquo;uso&rdquo; circa l&rsquo;abuso di lassativi.</p>  <h3>Conservazione</h3>  <p>Conservare il prodotto al di sotto dei 30&deg;C.</p>",TISANA KELEMATA polvere,1,1,4,9.18,,,,Taxable Goods,4,1,223,000367058,2759,tisana-kelemata-polvere-000367058
000367072,default,Default,simple,54,base,TISANA KELEMATA,"<h3>Denominazione</h3>  <p>TISANA KELEMATA</p>  <h3>Principi attivi</h3>  <p>Ogni bustina contiene: <table border=0 cellspacing=0 cellpadding=3>  <tr>  <td valign=top>&nbsp;</td>  <td valign=top>BUSTINA  DA g 1,3</td> <td valign=top>BUSTINA DA g 2</td>  </tr>  <tr>  <td colspan=3 valign=top><b>Principio attivo</b>:</td>  </tr>  <tr>  <td valign=top>Senna foglie</td>  <td valign=top>g  0,667</td>  <td valign=top>g  1,026</td>  </tr>  <tr>  <td colspan=2 valign=top><b>Aromatizzanti ed  eccipienti</b>:</td>  <td valign=top>&nbsp;</td>  </tr>  <tr>  <td valign=top>Gramigna rizoma</td>  <td valign=top>g  0,167</td>  <td valign=top>g 0,256</td>  </tr>  <tr>  <td valign=top>Guaiaco legno</td>  <td valign=top>g  0,083</td>  <td valign=top>g  0.128</td>  </tr> <tr>  <td valign=top>Issopo foglie</td>  <td valign=top>g 0,083</td>  <td valign=top>g  0,128</td>  </tr>  <tr>  <td valign=top>Parietaria foglie</td>  <td valign=top>g 0,083</td>  <td valign=top>g  0,128</td>  </tr>  <tr>  <td valign=top>Menta piperita  foglie</td>  <td valign=top>g 0,067</td> <td valign=top>g  0,102</td>  </tr>  <tr>  <td valign=top>Salsapariglia  radici</td>  <td valign=top>g 0,083</td>  <td valign=top>g  0,128</td>  </tr>  <tr>  <td valign=top>Anice stellato  frutti</td>  <td valign=top>g 0,033</td>  <td valign=top>g  0,052</td>  </tr>  <tr>  <td valign=top>Melissa sommit&agrave;</td>  <td valign=top>g 0,033</td>  <td valign=top>g  0,052</td>  </tr> </table></p>  <h3>Eccipienti</h3>  <p>Gramigna, guaiaco, issopo, parietaria, menta piperita, salsapariglia, anice stellato e melissa.</p>  <h3>Indicazioni terapeutiche</h3>  <p>Trattamento di breve durata della stitichezza occasionale.</p>  <h3>Posologia</h3>  <p>La dose corretta &egrave; quella minima sufficiente a produrre una facile evacuazione di feci molli. E&rsquo; consigliabile usare inizialmente le dosi minime previste. Quando necessario, la dose pu&ograve; essere aumentata, ma senza mai superare quella massima indicata. Assumere preferibilmente la sera. I lassativi devono essere usati il meno frequentemente possibile e per non pi&ugrave; di sette giorni. L&rsquo;uso per periodi di tempo maggiori richiede la prescrizione del medico dopo adeguata valutazione del singolo caso. Ingerire insieme ad una adeguata quantit&agrave; di acqua. Una dieta ricca di liquidi favorisce l&rsquo;effetto del medicinale. Prendere la tisana preparata secondo le modalit&agrave; sotto indicate: mettere in una tazza da t&egrave; 1 bustina da g 2 o 1-2 bustine da g 1,3 di Tisana Kelemata; versare sopra acqua bollente e lasciare in infusione per 10-15 minuti. Non superare le dosi consigliate.</p>  <h3>Controindicazioni</h3>  <p>Ipersensibilit&agrave; al principio attivo o ad uno qualsiasi degli eccipienti. I lassativi sono controindicati nei soggetti con dolore addominale acuto o di origine sconosciuta, nausea o vomito, ostruzione o stenosi intestinale, sanguinamento rettale di origine sconosciuta, grave stato di disidratazione. Generalmente controindicato durante la gravidanza e l&rsquo;allattamento (vedere p. 4.6). Controindicato nei bambini di et&agrave; inferiore a 10 anni.</p>  <h3>Avvertenze e precauzioni</h3>  <p><b>Avvertenze.</b> L&rsquo;abuso di lassativi (uso frequente o prolungato o con dosi eccessive)pu&ograve; causare diarrea persistente con conseguente perdita di acqua, sali minerali (specialmente potassio) e altri fattori nutritivi essenziali. Nei casi pi&ugrave; gravi &egrave; possibile l&rsquo;insorgenza di disidratazione o ipopotassiemia la quale pu&ograve; determinare disfunzioni cardiache o neuromuscolari, specialmente in caso di contemporaneo trattamento con glicosidi cardiaci, diuretici o corticosteroidi. L&rsquo;abuso di lassativi, specialmente quelli di contatto (lassativi stimolanti) pu&ograve; causare dipendenza (e, quindi, possibile necessit&agrave; di aumentare progressivamente il dosaggio), stitichezza cronica e perdita delle normali funzioni intestinali (atonia intestinale). <b>Precauzioni per l&rsquo;uso.</b> Nei bambini al di sotto dei 12 anni il medicinale pu&ograve; essere usato solo dopo aver consultato il medico. Il trattamento della stitichezza cronica o ricorrente richiede sempre l'intervento del medico per la diagnosi, la prescrizione dei farmaci e la sorveglianza nel corso della terapia. Consultare il medico quando la necessit&agrave; del lassativo deriva da un improvviso cambiamento delle precedenti abitudini intestinali (frequenza e caratteristiche delle evacuazioni) che duri da pi&ugrave; di due settimane o quando l'uso del lassativo non riesce a produrre effetti. E' inoltre opportuno che i soggetti anziani o in non buone condizioni di salute consultino il medico prima di usare il medicinale.</p>  <h3>Interazioni</h3>  <p>I lassativi possono ridurre il tempo di permanenza nell&rsquo;intestino, e, quindi, l&rsquo;assorbimento, di altri farmaci somministrati contemporaneamente per via orale. Evitare, quindi di ingerire contemporaneamente lassativi ed altri farmaci: dopo avere preso un medicinale lasciare trascorrere un intervallo di almeno due ore prima di prendere il lassativo. Il latte o gli antiacidi possono modificare l&rsquo;effetto del medicinale; lasciare trascorrere un intervallo di almeno un ora prima di prendere il lassativo.</p>  <h3>Gravidanza e allattamento</h3>  <p>Non esistono studi adeguati e ben controllati sull&rsquo;uso del medicinale in gravidanza o nell&rsquo;allattamento. Pertanto il medicinale deve essere usato solo in caso di necessit&agrave;, sotto il diretto controllo del medico, dopo aver valutato il beneficio atteso per la madre in rapporto al possibile rischio per il feto o per il lattante.</p>  <h3>Effetti sulla guida e sull'uso di macchinari</h3>  <p>Nessuno.</p>  <h3>Effetti indesiderati</h3>  <p>Occasionalmente: dolori crampiformi isolati o coliche addominali, pi&ugrave; frequenti nei casi di stitichezza grave. Con l&rsquo;uso del prodotto, le urine talvolta si colorano leggermente in giallo-bruno o rosso. Tale colorazione &egrave; semplicemente dovuta alla presenza nelle urine di componenti della senna e non &egrave; clinicamente significativa.</p>  <h3>Sovradosaggio</h3>  <p>Dosi eccessive possono causare dolori addominali e diarrea; le conseguenti perdite di liquidi ed elettroliti devono essere rimpiazzate. Vedere inoltre quanto riportato nel paragrafo &ldquo;Speciali avvertenze e precauzioni per l&rsquo;uso&rdquo; circa l&rsquo;abuso di lassativi.</p>  <h3>Conservazione</h3>  <p>Conservare il prodotto al di sotto dei 30&deg;C.</p>",TISANA KELEMATA,1,1,4,9.18,,,,Taxable Goods,1,1,223,000367072,2759,tisana-kelemata-000367072
000444063,default,Default,simple,54,base,Vegetallumina gel 40g,Vegetallumina*gel 40g,Vegetallumina*gel 40g,1,1,4,7.38,,,,Taxable Goods,0,0,224,000444063,2759,vegetallumina-gel-40g-000444063
000550057,default,Default,simple,54,base,Tiroide Vister deb 30cpr Riv10,Tiroide Vister*deb 30cpr Riv10,Tiroide Vister*deb 30cpr Riv10,1,1,4,6.02,,,,Taxable Goods,1,1,5281,000550057,2759,tiroide-vister-deb-30cpr-riv10-000550057
000590036,default,Default,simple,54,base,"Rinazina bb Gtt 10ml 0,025%","Rinazina*bb Gtt 10ml 0,025%","Rinazina*bb Gtt 10ml 0,025%",1,1,4,4.86,,,,Taxable Goods,0,0,226,000590036,2759,rinazina-bb-gtt-10ml-0-025-000590036
000590051,default,Default,simple,54,base,RINAZINA 1 MG/ML,"<h3>Denominazione</h3>  <p>RINAZINA 1 MG/ML</p>  <h3>Principi attivi</h3>  <p>1 ml di soluzione contiene: Principio attivo: nafazolina nitrato 1 mg <u>Eccipienti con effetti noti</u>: benzalconio cloruro Per l&rsquo;elenco completo degli eccipienti, vedere paragrafo 6.1.</p>  <h3>Eccipienti</h3>  <p>RINAZINA 1 mg/ml gocce nasali, soluzione: sodio cloruro, disodio edetato, sodio fosfato monobasico diidrato, acido fosforico concentrato, <b>benzalconio cloruro</b>, acqua depurata. RINAZINA 1 mg/ml spray nasale, soluzione: sodio cloruro, disodio edetato, sodio fosfato monobasico diidrato, acido fosforico concentrato, <b>benzalconio cloruro</b>, aroma balsamico, acqua depurata.</p>  <h3>Indicazioni terapeutiche</h3>  <p>Decongestionante nasale in corso di riniti e faringiti acute catarrali, di riniti allergiche, di sinusiti acute.</p>  <h3>Posologia</h3>  <p><b>Gocce nasali:</b> Adulti: 2-3 gocce in ciascuna narice, 2-3 volte al giorno <b>Spray nasale:</b> Adulti: 1-2 nebulizzazioni in ciascuna narice, 2-3 volte al giorno. <i>Popolazione Pediatrica</i>: Il medicinale &egrave; controindicato nei bambini di et&agrave; inferiore ai 12 anni (vedere paragrafo 4.3). Attenersi scrupolosamente alle dosi consigliate. Un dosaggio superiore del prodotto anche se assunto per via topica e per breve periodo di tempo pu&ograve; dar luogo ad effetti sistemici gravi. In assenza di risposta terapeutica completa entro pochi giorni, consultare il medico; in ogni caso, il trattamento non deve essere protratto per oltre una settimana.</p>  <h3>Controindicazioni</h3>  <p>Ipersensibilit&agrave; al principio attivo o ad uno qualsiasi degli eccipienti elencati al paragrafo 6.1. Malattie cardiache ed ipertensione arteriosa gravi. Glaucoma. Ipertiroidismo. <b> <u>Il medicinale &egrave; controindicato nei bambini di et&agrave; inferiore ai 12 anni.</u> </b> Non somministrare durante e nelle due settimane successive a terapia con farmaci antidepressivi.</p>  <h3>Avvertenze e precauzioni</h3>  <p>Impiegare con cautela negli anziani e nei portatori di ipertrofia prostatica per il pericolo di ritenzione urinaria. Nei pazienti con malattie cardiovascolari, specialmente negli ipertesi, l'uso dei decongestionanti nasali deve essere comunque di volta in volta sottoposto al giudizio del medico. L'uso protratto di vasocostrittori pu&ograve; alterare la normale funzione della mucosa del naso e dei seni paranasali inducendo anche assuefazione al farmaco. Il ripetere le applicazioni per un lungo periodo di tempo pu&ograve; risultare dannoso. RINAZINA gocce nasali e spray nasale contengono 0,1 mg/ml di benzalconio cloruro. Benzalconio cloruro (BAC) contenuto come conservante in RINAZINA gocce nasali e spray nasale pu&ograve; provocare irritazione e un rigonfiamento della mucosa nasale, specialmente se usato per lunghi periodi. Se si sospetta tale reazione (congestione nasale persistente), deve essere usato, se possibile, un medicinale per uso nasale senza BAC. Se tali medicinali per uso nasale senza BAC non fossero disponibili, dovr&agrave; essere considerata un&rsquo;altra forma farmaceutica. Pu&ograve; causare broncospasmo. L'uso, specie se prolungato, dei prodotti topici pu&ograve; dare luogo a fenomeni di sensibilizzazione; in tal caso &egrave; necessario interrompere il trattamento e, se del caso, istituire una terapia idonea. Con l&rsquo;uso di farmaci simpaticomimetici, ai quali appartiene anche la nafazolina, sono stati riportati rari casi di encefalopatia posteriore reversibile/sindrome reversibile da vasocostrizione cerebrale. I sintomi riferiti comprendono insorgenza improvvisa di cefalea grave, nausea, vomito e disturbi della visione. La maggior parte dei casi migliora o si risolve in pochi giorni in seguito a trattamento appropriato. L&rsquo;uso della nafazolina deve essere immediatamente interrotto e deve essere consultato il medico se si manifestano segni e/o sintomi di encefalopatia posteriore reversibile/sindrome reversibile da vasocostrizione cerebrale.</p>  <h3>Interazioni</h3>  <p>Il farmaco pu&ograve; interagire con farmaci antidepressivi.</p>  <h3>Gravidanza e allattamento</h3>  <p>In gravidanza e nell&rsquo;allattamento, RINAZINA deve essere usata solo dopo aver consultato il medico e aver valutato con lui il rapporto rischio/beneficio nel proprio caso.</p>  <h3>Effetti sulla guida e sull'uso di macchinari</h3>  <p>Non sono noti effetti indesiderati sulla capacit&agrave; di guidare veicoli o sull'uso di macchinari.</p>  <h3>Effetti indesiderati</h3>  <p>Il prodotto pu&ograve; determinare localmente fenomeni di rimbalzo di sensibilizzazione e congestione delle mucose. Per rapido assorbimento della nafazolina attraverso le mucose infiammate, si possono verificare effetti sistemici consistenti in ipertensione arteriosa, bradicardia riflessa, cefalea, disturbi della minzione. <u>Segnalazione delle reazioni avverse sospette</u> La segnalazione delle reazioni avverse sospette che si verificano dopo l&rsquo;autorizzazione del medicinale &egrave; importante, in quanto permette un monitoraggio continuo del rapporto beneficio/rischio del medicinale. Agli operatori sanitari &egrave; richiesto di segnalare qualsiasi reazione avversa sospetta tramite il sistema nazionale di segnalazione all&rsquo;indirizzo https://www.aifa.gov.it/content/segnalazioni-reazioni-avverse.</p>  <h3>Sovradosaggio</h3>  <p>Il prodotto, se accidentalmente ingerito o se impiegato per lungo periodo a dosi eccessive, pu&ograve; determinare fenomeni tossici. Esso va tenuto lontano dalla portata dei bambini poich&eacute; l'ingestione accidentale pu&ograve; provocare sedazione spiccata. In caso di sovradosaggio pu&ograve; comparire ipertensione arteriosa, tachicardia, fotofobia, cefalea intensa, oppressione toracica e, nei bambini, ipotermia e grave depressione del Sistema Nervoso Centrale con spiccata sedazione, che richiedono l'adozione di adeguate misure d'urgenza.</p>  <h3>Conservazione</h3>  <p><i>RINAZINA 1 mg/ml spray nasale, soluzione:</i> Questo medicinale non richiede alcuna condizione particolare di conservazione. <i>RINAZINA 1 mg/ml gocce nasali, soluzione</i>: Conservare a temperatura inferiore a 25&deg;C. Conservare in posizione verticale.</p>",RINAZINA 1 MG/ML,1,1,4,10.22,,,,Taxable Goods,20,1,3999,000590051,2759,rinazina-1-mg-ml-000590051
000850127,default,Default,simple,54,base,Betotal scir Fl 100g,Betotal*scir Fl 100g,Betotal*scir Fl 100g,1,1,4,6.57,,,,Taxable Goods,0,0,227,000850127,2759,betotal-scir-fl-100g-000850127
000872034,default,Default,simple,54,base,Rinovit dos Basso Gtt Rino30ml,Rinovit*dos Basso Gtt Rino30ml,Rinovit*dos Basso Gtt Rino30ml,1,1,4,3.80,,,,Taxable Goods,0,0,222,000872034,2759,rinovit-dos-basso-gtt-rino30ml-000872034
000872046,default,Default,simple,54,base,Rinovit dos Basso Ung Rinol 8g,Rinovit*dos Basso Ung Rinol 8g,Rinovit*dos Basso Ung Rinol 8g,1,1,4,3.02,,,,Taxable Goods,0,0,222,000872046,2759,rinovit-dos-basso-ung-rinol-8g-000872046
001042023,default,Default,simple,54,base,Valeriana Alfa 30cpr Riv 100mg,Valeriana Alfa*30cpr Riv 100mg,Valeriana Alfa*30cpr Riv 100mg,1,1,4,7.83,,,,Taxable Goods,0,0,229,001042023,2759,valeriana-alfa-30cpr-riv-100mg-001042023
001063066,default,Default,simple,54,base,Balsamo Sifcamina pom 50g,Balsamo Sifcamina*pom 50g,Balsamo Sifcamina*pom 50g,1,1,4,8.11,,,,Taxable Goods,0,0,5281,001063066,2759,balsamo-sifcamina-pom-50g-001063066
001063078,default,Default,simple,54,base,"Balsamo Sifcamina spray 34,5g","Balsamo Sifcamina*spray 34,5g","Balsamo Sifcamina*spray 34,5g",1,1,4,11.69,,,,Taxable Goods,0,0,5281,001063078,2759,balsamo-sifcamina-spray-34-5g-001063078
001063080,default,Default,simple,54,base,Balsamo Sifcamina gel 40g,Balsamo Sifcamina*gel 40g,Balsamo Sifcamina*gel 40g,1,1,4,8.11,,,,Taxable Goods,0,0,5281,001063080,2759,balsamo-sifcamina-gel-40g-001063080
001250012,default,Default,simple,54,base,Hepatos scir Fl 200g,Hepatos*scir Fl 200g,Hepatos*scir Fl 200g,1,1,4,7.01,,,,Taxable Goods,0,0,5281,001250012,2759,hepatos-scir-fl-200g-001250012
001250024,default,Default,simple,54,base,Hepatos B12 scir 175g,Hepatos B12*scir 175g,Hepatos B12*scir 175g,1,1,4,6.82,,,,Taxable Goods,0,0,5281,001250024,2759,hepatos-b12-scir-175g-001250024
001266067,default,Default,simple,54,base,Vitporphyrin Ii im 10f+10f 2ml,Vitporphyrin Ii*im 10f+10f 2ml,Vitporphyrin Ii*im 10f+10f 2ml,1,1,4,6.04,,,,Taxable Goods,0,0,5281,001266067,2759,vitporphyrin-ii-im-10f-10f-2ml-001266067
001328018,default,Default,simple,54,base,Bepanten 20cpr 100mg,Bepanten*20cpr 100mg,Bepanten*20cpr 100mg,1,1,4,7.38,,,,Taxable Goods,0,0,221,001328018,2759,bepanten-20cpr-100mg-001328018
001328020,default,Default,simple,54,base,Bepamedin ev Im 3f 500mg 2ml,Bepamedin*ev Im 3f 500mg 2ml,Bepamedin*ev Im 3f 500mg 2ml,1,1,4,6.81,,,,Taxable Goods,3,1,221,001328020,2759,bepamedin-ev-im-3f-500mg-2ml-001328020
001340052,default,Default,simple,54,base,Benadon im Iv 6f 2ml 300mg,Benadon*im Iv 6f 2ml 300mg,Benadon*im Iv 6f 2ml 300mg,1,1,4,3.43,,,,Taxable Goods,0,0,221,001340052,2759,benadon-im-iv-6f-2ml-300mg-001340052
001363074,default,Default,simple,54,base,Aspro 500 20cpr 500mg,Aspro 500*20cpr 500mg,Aspro 500*20cpr 500mg,1,1,4,3.64,,,,Taxable Goods,0,0,221,001363074,2759,aspro-500-20cpr-500mg-001363074
001569058,default,Default,simple,54,base,Drin 20cpr,Drin*20cpr,Drin*20cpr,1,1,4,4.50,,,,Taxable Goods,0,0,370,001569058,2759,drin-20cpr-001569058
001738020,default,Default,simple,54,base,Adisterolo im Os 2f 1ml,Adisterolo*im Os 2f 1ml,Adisterolo*im Os 2f 1ml,1,1,4,3.90,,,,Taxable Goods,0,0,3011,001738020,2759,adisterolo-im-os-2f-1ml-001738020
001738032,default,Default,simple,54,base,Adisterolo im Os 10f 1ml,Adisterolo*im Os 10f 1ml,Adisterolo*im Os 10f 1ml,1,1,4,4.16,,,,Taxable Goods,0,0,3011,001738032,2759,adisterolo-im-os-10f-1ml-001738032
001738057,default,Default,simple,54,base,Adisterolo os Gtt Fl 10ml,Adisterolo*os Gtt Fl 10ml,Adisterolo*os Gtt Fl 10ml,1,1,4,4.52,,,,Taxable Goods,0,0,3011,001738057,2759,adisterolo-os-gtt-fl-10ml-001738057
001738119,default,Default,simple,54,base,Adisterolo im Os 6f 1ml,Adisterolo*im Os 6f 1ml,Adisterolo*im Os 6f 1ml,1,1,4,3.22,,,,Taxable Goods,0,0,3011,001738119,2759,adisterolo-im-os-6f-1ml-001738119
001740063,default,Default,simple,54,base,ALLERGAN 2G/100 G CREMA,"<h3>Denominazione</h3>  <p>ALLERGAN 2G/100 G CREMA</p>  <h3>Principi attivi</h3>  <p>100g di crema contengono: Principio attivo: Difenidramina cloridrato g. 2 Eccipienti con effetto noto: lanolina, metile p-idrossibenzoato (E218), propile p-idrossibenzoato (E216). <i>Per gli eccipienti vedi 6.1</i>.</p>  <h3>Eccipienti</h3>  <p>Acido stearico, glicerina, lanolina, trietanolammina, metile p-idrossibenzoato (E218), propile p-idrossibenzoato (E216), acqua distillata.</p>  <h3>Indicazioni terapeutiche</h3>  <p>Trattamento sintomatico locale di dermatiti pruriginose, eritema solare, punture di insetti.</p>  <h3>Posologia</h3>  <p>Spalmare un sottile strato sulla parte interessata, 2 o 3 volte al giorno. Non superare le dosi consigliate.</p>  <h3>Controindicazioni</h3>  <p>Ipersensibilit&agrave; nota verso i componenti e verso altri antistaminici di analoga struttura chimica. Bambini al di sotto dei 2 anni.</p>  <h3>Avvertenze e precauzioni</h3>  <p>Non utilizzare con bendaggio occlusivo. L'impiego del prodotto, specie se prolungato, pu&ograve; dare origine a fenomeni di sensibilizzazione; ove ci&ograve; si verifichi interrompere il trattamento e consultare il medico. Applicare la crema su zone ridotte della pelle. ALLERGAN Crema non va applicato su zone della pelle con vesciche, su piaghe vive e superfici in via di cicatrizzazione. Evitare il contatto con gli occhi o altre membrane mucose. Nel caso di eritema solare non esporre successivamente la pelle al sole. Se dopo un breve periodo di trattamento non si notasse alcun miglioramento o se si manifestassero eruzioni cutanee, fenomeni di irritazioni e bruciori, sospendere il trattamento e rivolgersi al medico. Non utilizzare il medicinale dopo la data di scadenza indicata sulla confezione. Tenere il medicinale fuori dalla portata dei bambini. <b>Informazioni importanti su alcuni eccipienti</b> Questo medicinale contiene: &bull; lanolina: pu&ograve; causare reazioni cutanee locali (ad es. dermatite da contatto). &bull; metile p-idrossibenzoato (E218) e propile p-idrossibenzoato (E216): possono causare reazioni allergiche (anche ritardate).</p>  <h3>Interazioni</h3>  <p>Nessuna nota.</p>  <h3>Gravidanza e allattamento</h3>  <p>Nelle donne in stato di gravidanza e durante l'allattamento il prodotto va usato solo in caso di effettiva necessit&agrave; e sotto il diretto controllo del medico.</p>  <h3>Effetti sulla guida e sull'uso di macchinari</h3>  <p>Non pertinente.</p>  <h3>Effetti indesiderati</h3>  <p>Sono stati riscontrati bruciore, eruzioni cutanee, reazioni di fotosensibilit&agrave;. <b> <u>Segnalazione di reazioni avverse sospette</u> </b> La segnalazione delle reazioni avverse sospette che si verificano dopo l&rsquo;autorizzazione del medicinale &egrave; importante, in quanto permette un monitoraggio continuo del rapporto beneficio/rischio del medicinale. Agli operatori sanitari &egrave; richiesto di segnalare qualsiasi reazione avversa sospetta tramite il sistema nazionale di segnalazione all&rsquo;indirizzo https://www.aifa.gov.it/content/segnalazioni-reazioni-avverse</p>  <h3>Sovradosaggio</h3>  <p>Non segnalati fenomeni di iperdosaggio. Eventualmente, adottare terapia sintomatica.</p>  <h3>Conservazione</h3>  <p>Nessuna.</p>",ALLERGAN 2G/100 G CREMA,1,1,4,9.45,,,,Taxable Goods,2,1,232,001740063,2759,allergan-2g-100-g-crema-001740063
001802026,default,Default,simple,54,base,Goccemed collut 30ml 5g/100ml,Goccemed*collut 30ml 5g/100ml,Goccemed*collut 30ml 5g/100ml,1,1,4,7.85,,,,Taxable Goods,0,0,233,001802026,2759,goccemed-collut-30ml-5g-100ml-001802026
002021018,default,Default,simple,54,base,"Tefamin im 10f 1,5ml 0,24g","Tefamin*im 10f 1,5ml 0,24g","Tefamin*im 10f 1,5ml 0,24g",1,1,4,3.43,,,,Taxable Goods,0,0,235,002021018,2759,tefamin-im-10f-1-5ml-0-24g-002021018
002021032,default,Default,simple,54,base,Tefamin iv 5f 10ml 240mg/10ml,Tefamin*iv 5f 10ml 240mg/10ml,Tefamin*iv 5f 10ml 240mg/10ml,1,1,4,2.11,,,,Taxable Goods,0,0,235,002021032,2759,tefamin-iv-5f-10ml-240mg-10ml-002021032
002021044,default,Default,simple,54,base,Tefamin 30cpr Riv 200mg,Tefamin*30cpr Riv 200mg,Tefamin*30cpr Riv 200mg,1,1,4,1.90,,,,Taxable Goods,0,0,235,002021044,2759,tefamin-30cpr-riv-200mg-002021044
002021069,default,Default,simple,54,base,"Tefamin scir 200ml 1,58g/100ml","Tefamin*scir 200ml 1,58g/100ml","Tefamin*scir 200ml 1,58g/100ml",1,1,4,1.59,,,,Taxable Goods,0,0,235,002021069,2759,tefamin-scir-200ml-1-58g-100ml-002021069
002039028,default,Default,simple,54,base,Aureomicina ad 16cps 250mg,Aureomicina*ad 16cps 250mg,Aureomicina*ad 16cps 250mg,1,1,4,1.50,,,,Taxable Goods,0,0,257,002039028,2759,aureomicina-ad-16cps-250mg-002039028
002039042,default,Default,simple,54,base,"Aureomicina crema Oft 3,5g","Aureomicina*crema Oft 3,5g","Aureomicina*crema Oft 3,5g",1,1,4,2.24,,,,Taxable Goods,0,0,257,002039042,2759,aureomicina-crema-oft-3-5g-002039042
002039055,default,Default,simple,54,base,"Aureomicina ung Derm 3% 14,2g","Aureomicina*ung Derm 3% 14,2g","Aureomicina*ung Derm 3% 14,2g",1,1,4,5.98,,,,Taxable Goods,3,1,712,002039055,2759,aureomicina-ung-derm-3-14-2g-002039055
002089151,default,Default,simple,54,base,Arscolloid gengivario Fl 20g,Arscolloid*gengivario Fl 20g,Arscolloid*gengivario Fl 20g,1,1,4,6.21,,,,Taxable Goods,0,0,222,002089151,2759,arscolloid-gengivario-fl-20g-002089151
002089175,default,Default,simple,54,base,Arscolloid collut 30g,Arscolloid*collut 30g,Arscolloid*collut 30g,1,1,4,6.21,,,,Taxable Goods,0,0,222,002089175,2759,arscolloid-collut-30g-002089175
002089187,default,Default,simple,54,base,Arscolloid concentrato Fl 10g,Arscolloid*concentrato Fl 10g,Arscolloid*concentrato Fl 10g,1,1,4,6.21,,,,Taxable Goods,0,0,222,002089187,2759,arscolloid-concentrato-fl-10g-002089187
002129017,default,Default,simple,54,base,Dintoina 30cpr Riv 100mg,Dintoina*30cpr Riv 100mg,Dintoina*30cpr Riv 100mg,1,1,4,0.97,,,,Taxable Goods,0,0,222,002129017,2759,dintoina-30cpr-riv-100mg-002129017
002177018,default,Default,simple,54,base,"Pensulvit ung Oft 6,5g","Pensulvit*ung Oft 6,5g","Pensulvit*ung Oft 6,5g",1,1,4,7.23,,,,Taxable Goods,5,1,5276,002177018,2759,pensulvit-ung-oft-6-5g-002177018
002238044,default,Default,simple,54,base,"Anatetall iniet 1sir 0,5ml40ui","Anatetall*iniet 1sir 0,5ml40ui","Anatetall*iniet 1sir 0,5ml40ui",1,1,4,4.80,,,,Taxable Goods,0,0,669,002238044,2759,anatetall-iniet-1sir-0-5ml40ui-002238044
002258010,default,Default,simple,54,base,Emopon 12 os 10fl 5ml,Emopon 12*os 10fl 5ml,Emopon 12*os 10fl 5ml,1,1,4,6.86,,,,Taxable Goods,0,0,438,002258010,2759,emopon-12-os-10fl-5ml-002258010
002258022,default,Default,simple,54,base,Emopon 12 os 30fl 5ml,Emopon 12*os 30fl 5ml,Emopon 12*os 30fl 5ml,1,1,4,12.90,,,,Taxable Goods,0,0,438,002258022,2759,emopon-12-os-30fl-5ml-002258022
002309033,default,Default,simple,54,base,Folina im 5f 2ml 15mg,Folina*im 5f 2ml 15mg,Folina*im 5f 2ml 15mg,1,1,4,4.02,,,,Taxable Goods,1,1,5281,002309033,2759,folina-im-5f-2ml-15mg-002309033
002309045,default,Default,simple,54,base,Folina 20cps Molli 5mg,Folina*20cps Molli 5mg,Folina*20cps Molli 5mg,1,1,4,1.69,,,,Taxable Goods,3,1,5281,002309045,2759,folina-20cps-molli-5mg-002309045
002309058,default,Default,simple,54,base,Folina 60cps Molli 5mg,Folina*60cps Molli 5mg,Folina*60cps Molli 5mg,1,1,4,3.61,,,,Taxable Goods,13,1,5281,002309058,2759,folina-60cps-molli-5mg-002309058
002309060,default,Default,simple,54,base,Folina 28cps Molli 5mg,Folina*28cps Molli 5mg,Folina*28cps Molli 5mg,1,1,4,2.33,,,,Taxable Goods,9,1,5281,002309060,2759,folina-28cps-molli-5mg-002309060
002309072,default,Default,simple,54,base,Folina 120cps Molli 5mg,Folina*120cps Molli 5mg,Folina*120cps Molli 5mg,1,1,4,5.84,,,,Taxable Goods,4,1,5281,002309072,2759,folina-120cps-molli-5mg-002309072
002427274,default,Default,simple,54,base,AMARO MEDICINALE GIULIANI SOLUZIONE ORALE,"<h3>Denominazione</h3>  <p>AMARO MEDICINALE GIULIANI SOLUZIONE ORALE</p>  <h3>Principi attivi</h3>  <p>100 g di soluzione contengono: <u>Principi attivi</u>: Rabarbaro estratto molle 356 mg Cascara estratto secco 121 mg Genziana estratto molle 111 mg Boldo estratto molle 100 mg Eccipienti con effetti noti: paraidrossibenzoati, alcool etilico, saccarosio, sodio Per l&rsquo;elenco completo degli eccipienti, vedere paragrafo 6.1.</p>  <h3>Eccipienti</h3>  <p>Aromi naturali, Glicerina, Caramello, Sodio bicarbonato, Esteri dell&rsquo;acido p&ndash;idrossi&ndash;benzoico sale sodico, Alcool, Essenze, Saccarosio, Acqua.</p>  <h3>Indicazioni terapeutiche</h3>  <p>AMARO MEDICINALE GIULIANI &egrave; utilizzato in adulti e bambini (al di sopra dei 10 anni d&rsquo;et&agrave;) in caso di: &bull; Difficolt&agrave; digestive (quali senso di pesantezza allo stomaco, sonnolenza dopo i pasti). &bull; Mancanza di appetito. &bull; Trattamento di breve durata della stitichezza occasionale.</p>  <h3>Posologia</h3>  <p><u>Posologia </u> <b> <i>Adulti </i> </b> <i> <u>Per favorire la digestione, stimolando la funzione biliare: </u> </i> &bull; nel caso di AMARO MEDICINALE GIULIANI in flacone: un bicchiere dosatore (pari a 20 ml, misurabili con il dosatore incluso) dopo i due pasti principali, &bull; nel caso di AMARO MEDICINALE GIULIANI in flaconcino: un flaconcino monodose dopo i due pasti principali. <i> <u>Per stimolare l&rsquo;appetito: </u> </i> &bull; nel caso di AMARO MEDICINALE GIULIANI in flacone: un bicchiere dosatore (pari a 20 ml, misurabili con il dosatore incluso) prima dei due pasti principali, &bull; nel caso di AMARO MEDICINALE GIULIANI in flaconcino: un flaconcino monodose, prima dei due pasti principali. <i> <u>Come lassativo: </u> </i> &bull; nel caso di AMARO MEDICINALE GIULIANI in flacone: 1&ndash;2 bicchieri dosatori (pari a 20&ndash;40 ml, misurabili con il dosatore incluso la sera, prima di coricarsi, &bull; nel caso di AMARO MEDICINALE GIULIANI in flaconcino: 1&ndash;2 flaconcini monodose, preferibilmente la sera, prima di coricarsi. I lassativi devono essere usati il meno frequentemente possibile e per non pi&ugrave; di 7 giorni. L&rsquo;uso per periodi di tempo maggiori richiede la prescrizione del medico, dopo adeguata valutazione del singolo caso. <b> <i> <u>Popolazione pediatrica </u> </i> </b> L&rsquo;uso di AMARO MEDICINALE GIULIANI nei bambini di et&agrave; superiore a 10 anni prevede che le dosi siano dimezzate e che il prodotto sia diluito in acqua. La dose corretta &egrave; quella minima sufficiente a produrre una evacuazione di feci molli.E&rsquo; consigliabile usare inizialmente le dosi minime previste. Quando necessario, la dose pu&ograve; essere poi aumentata, ma senza mai superare quella massima indicata. Modo di somministrazione AMARO MEDICINALE GIULIANI pu&ograve; essere preso come tale o diluito in acqua. In ogni caso, ingerire il medicinale insieme ad una adeguata quantit&agrave; di acqua (un bicchiere abbondante). Una dieta ricca di liquidi favorisce l&rsquo;effetto del medicinale.</p>  <h3>Controindicazioni</h3>  <p>Ipersensibilit&agrave; ai principi attivi o ad uno qualsiasi degli altri componenti di questo medicinale elencati al paragrafo 6.1. I lassativi sono controindicati nei soggetti con dolore addominale acuto o di origine sconosciuta, nausea o vomito, ostruzione o stenosi intestinale, sanguinamento rettale di origine sconosciuta, grave stato di disidratazione.</p>  <h3>Avvertenze e precauzioni</h3>  <p>L&rsquo;abuso di lassativi (uso frequente o prolungato o con dosi eccessive) pu&ograve; causare diarrea persistente con conseguente perdita di acqua, sali minerali (specialmente potassio) e altri fattori nutritivi essenziali. Nei casi pi&ugrave; gravi &egrave; possibile l&rsquo;insorgenza di disidratazione o ipopotassiemia la quale pu&ograve; determinare disfunzioni cardiache o neuromuscolari, specialmente in caso di contemporaneo trattamento con glicosidi cardiaci, diuretici o corticosteroidi. L&rsquo;abuso di lassativi, specialmente quelli di contatto (lassativi stimolanti), pu&ograve; causare dipendenza (e, quindi, possibile necessit&agrave; di aumentare progressivamente il dosaggio), stitichezza cronica e perdita delle normali funzioni intestinali (atonia intestinale). Se gli episodi di stitichezza si presentano ripetutamente deve essere consultato il medico. Il trattamento della stitichezza cronica o ricorrente richiede sempre l&rsquo;intervento del medico per la diagnosi, la prescrizione dei farmaci e la sorveglianza nel corso della terapia. Consultare il medico quando la necessit&agrave; del lassativo deriva da un improvviso cambiamento delle precedenti abitudini intestinali (frequenza e caratteristiche delle evacuazioni) che duri da pi&ugrave; di due settimane o quando l&rsquo;uso del lassativo non riesce a produrre effetti. E&rsquo; inoltre opportuno che i soggetti anziani o in non buone condizioni di salute consultino il medico prima di usare il medicinale. <i>Popolazione pediatrica </i> Nei bambini al di sotto dei 10 anni il medicinale pu&ograve; essere usato solo dopo aver consultato il medico. <u>Informazioni importanti su alcuni eccipienti </u> Il prodotto contiene saccarosio, di ci&ograve; si tenga conto in caso di diabete o di diete ipocaloriche. I pazienti affetti da rari problemi ereditari di intolleranza al fruttosio, da malassorbimento di glucosio&ndash;galattosio, o da insufficienza di sucrasi isomaltasi, non devono assumere questo medicinale. Il prodotto contiene paraidrossibenzoati. Pu&ograve; causare reazioni allergiche (anche ritardate). Questo medicinale contiene 10 vol % di etanolo (alcool), cio&egrave; fino a 1,5 g di alcool per dose, equivalenti a 38 ml di birra o 16 ml di vino per dose. Pu&ograve; essere dannoso per gli alcolisti. Da tenere in considerazione per le donne in gravidanza o in allattamento, nei bambini e nei gruppi ad alto rischio come le persone affette da patologie epatiche (in particolare per quelli affetti da etilismo cronico) o epilessia. Questo medicinale contiene 1,12 mmol di <b>sodio </b>per dose (nel caso dei flaconcini 1,06 mmol per dose). Da tenere in considerazione in persone con ridotta funzionalit&agrave; renale o che seguono una dieta a basso contenuto di sodio.</p>  <h3>Interazioni</h3>  <p>I lassativi possono ridurre il tempo di permanenza nell&rsquo;intestino, e quindi l&rsquo;assorbimento, di altri farmaci somministrati contemporaneamente per via orale. Evitare quindi di ingerire contemporaneamente lassativi ed altri farmaci: dopo aver preso un medicinale lasciare trascorrere un intervallo di almeno 2 ore prima di prendere il lassativo. Il latte o gli antiacidi possono m&ndash;odificare l&rsquo;effetto del medicinale; lasciare trascorrere un intervallo di almeno 1 ora prima di prendere il lassativo.</p>  <h3>Gravidanza e allattamento</h3>  <p>Non esistono studi adeguati e ben controllati sull&rsquo;uso del medicinale in gravidanza o nell&rsquo;allattamento. Pertanto il medicinale deve essere usato solo in caso di necessit&agrave;, sotto il diretto controllo del medico, dopo aver valutato il beneficio atteso per la madre in rapporto al possibile rischio per il feto o per il lattante.</p>  <h3>Effetti sulla guida e sull'uso di macchinari</h3>  <p>AMARO MEDICINALE GIULIANI non altera o altera in modo trascurabile la capacit&agrave; di guidare veicoli o di usare macchinari.</p>  <h3>Effetti indesiderati</h3>  <p>Occasionalmente: dolori crampiformi isolati o coliche addominali, pi&ugrave; frequenti nei casi di stitichezza grave. <b>Segnalazione delle reazioni avverse sospette </b> La segnalazione delle reazioni avverse sospette che si verificano dopo l&rsquo;autorizzazione del medicinale &egrave; importante, in quanto permette il monitoraggio continuo del rapporto beneficio/rischio del medicinale. Agli operatori sanitari &egrave; richiesto di segnalare qualsiasi reazione avversa sospetta tramite il sistema nazionale di segnalazione del sito: http://www.agenziafarmaco.gov.it/it/responsabili</p>  <h3>Sovradosaggio</h3>  <p>Dosi eccessive possono causare dolori addominali e diarrea; le conseguenti perdite di liquidi ed elettroliti devono essere rimpiazzate. Vedere inoltre quanto riportato nel paragrafo ""<b> <i>Avvertenze speciali e precauzioni d&rsquo;impiego"" </i> </b>circa l&rsquo;abuso di lassativi.</p>  <h3>Conservazione</h3>  <p>Nessuna speciale precauzione per la conservazione. Per le condizioni di conservazione dopo la prima apertura vedere paragrafo 6.3.</p>",AMARO MEDICINALE GIULIANI SOLUZIONE ORALE,1,1,4,6.66,,,,Taxable Goods,0,0,5271,002427274,2759,amaro-medicinale-giuliani-soluzione-orale-002427274
002516060,default,Default,simple,54,base,REACTIFARGAN,"<h3>Denominazione</h3>  <p>REACTIFARGAN</p>  <h3>Principi attivi</h3>  <p>Principio attivo: prometazina 2,00 g Eccipienti con effetti noti: metil-para-idrossibenzoato, propile-para-idrossibenzoato, D-limonene, geraniolo, linalolo e idrossitoluene butilato. Per l&rsquo;elenco completo degli eccipienti, vedere paragrafo 6.1.</p>  <h3>Eccipienti</h3>  <p>Poliacrilamide isoparaffin laureth-7, octil metossicinnamato, metil-para-idrossibenzoato, propilepara-idrossibenzoato, olio composto di lavanda, acqua depurata.</p>  <h3>Indicazioni terapeutiche</h3>  <p>Trattamento sintomatico locale per punture d&rsquo;insetto e altri fenomeni irritativi cutanei localizzati quali rossore, bruciore, prurito ed eritema solare.</p>  <h3>Posologia</h3>  <p><u>Posologia</u> Applicare 3-4 volte al giorno. Non superare il numero raccomandato di applicazioni giornaliere. Evitare l&rsquo;applicazione su aree molto estese del corpo. <u>Modo di somministrazione</u> Uso topico.</p>  <h3>Controindicazioni</h3>  <p>Ipersensibilit&agrave; al principio attivo o ad uno qualsiasi degli eccipienti. Eczemi Lesioni secernenti. Bambini di et&agrave; inferiore ai 2 anni.</p>  <h3>Avvertenze e precauzioni</h3>  <p>L&rsquo;uso prolungato ed incongruo del prodotto pu&ograve; dare origine a fenomeni di sensibilizzazione allergica con conseguente peggioramento della sintomatologia. Nel caso ci&ograve; si verificasse, occorre sospendere il trattamento e rivalutare la situazione. Se applicato su aree molto estese della cute REACTIFARGAN pu&ograve; causare sonnolenza (vedere paragrafo 4.7). Dato che l&rsquo;applicazione del REACTIFARGAN pu&ograve; ritardare il processo di cicatrizzazione, non deve essere usato pi&ugrave; di 3-4 giorni consecutivi su lesioni nelle quali &egrave; in atto tale fenomeno. Nel caso di eritema solare, applicare il prodotto ed evitare l&rsquo;ulteriore esposizione al sole della cute irritata. Qualora si manifestassero eruzioni cutanee, fenomeni di irritazione e bruciore, il trattamento va sospeso. <b>Informazioni importanti su alcuni eccipienti</b> REACTIFARGAN contiene <b>metile p-idrossibenzoato</b> e <b>propile p-idrossibenzoato</b> che possono causare reazioni allergiche (anche ritardate). REACTIFARGAN contiene olio di lavanda, fragranza a sua volta contenente D-Limonene, geraniolo e linalolo che possono causare reazioni allergiche; REACTIFARGAN contiene octil metossicinnamato a sua volta contenente idrossitoluene butilato che pu&ograve; causare reazioni cutanee localizzate (ad es. dermatite da contatto) o irritazione agli occhi e alle mucose.</p>  <h3>Interazioni</h3>  <p>Non note.</p>  <h3>Gravidanza e allattamento</h3>  <p>Non sono disponibili dati clinici per il rischio in gravidanza e durante l&rsquo;allattamento con latte materno. La somministrazione di REACTIFARGAN durante la gravidanza e l&rsquo;allattamento con latte materno deve essere presa in considerazione solo se il beneficio atteso per la madre supera il rischio per il feto o il bambino.</p>  <h3>Effetti sulla guida e sull'uso di macchinari</h3>  <p>L&rsquo;applicazione troppo abbondante di prodotto su aree molto estese della cute, pu&ograve; determinare l&rsquo;assorbimento del farmaco e causare sonnolenza in pazienti particolarmente sensibili. Segnalare al paziente di prestare particolare attenzione prima di mettersi alla guida di veicoli o di usare macchinari.</p>  <h3>Effetti indesiderati</h3>  <p>Gli effetti indesiderati sotto riportati derivano dal post-marketing e hanno frequenza non nota (la frequenza non pu&ograve; essere stabilita sulla base dei dati disponibili). <table border=1 cellspacing=0 cellpadding=3> <tr> <td> <b>Classificazione per organi e sistemi</b> </td> <td> <b>Frequenza non nota</b> </td> </tr> <tr> <td> Patologie della cute e del tessuto sottocutaneo</td> <td> Dermatite edema eritema lesioni bollose fotosensibilit&agrave;</td> </tr> </table> <b>Segnalazione delle reazioni avverse sospette</b> La segnalazione delle reazioni avverse sospette che si verificano dopo l&rsquo;autorizzazione del medicinale &egrave; importante, in quanto permette un monitoraggio continuo del rapporto beneficio/rischio del medicinale. Agli operatori sanitari &egrave; richiesto di segnalare qualsiasi reazione avversa sospetta tramite il sistema nazionale di segnalazione all&rsquo;indirizzo https://www.aifa.gov.it/content/segnalazioni-reazioni-avverse</p>  <h3>Sovradosaggio</h3>  <p>Non sono stati segnalati casi di sovradosaggio.</p>  <h3>Conservazione</h3>  <p>Conservare a temperatura inferiore a 25&deg;C.</p>",REACTIFARGAN,1,1,4,13.01,,,,Taxable Goods,2,1,5562,002516060,2759,reactifargan-002516060
002695017,default,Default,simple,54,base,Bevitin 30cpr,Bevitin*30cpr,Bevitin*30cpr,1,1,4,4.88,,,,Taxable Goods,0,0,5311,002695017,2759,bevitin-30cpr-002695017
002715023,default,Default,simple,54,base,Antiscabbia Candioli pom 100g,Antiscabbia Candioli*pom 100g,Antiscabbia Candioli*pom 100g,1,1,4,3.59,,,,Taxable Goods,0,0,636,002715023,2759,antiscabbia-candioli-pom-100g-002715023
002780029,default,Default,simple,54,base,Botropase im Iv 3f 1ml,Botropase*im Iv 3f 1ml,Botropase*im Iv 3f 1ml,1,1,4,6.71,,,,Taxable Goods,0,0,5311,002780029,2759,botropase-im-iv-3f-1ml-002780029
002792012,default,Default,simple,54,base,"Premarin 20cpr 1,25mg","Premarin*20cpr 1,25mg","Premarin*20cpr 1,25mg",1,1,4,3.55,,,,Taxable Goods,0,0,457,002792012,2759,premarin-20cpr-1-25mg-002792012
002792036,default,Default,simple,54,base,"Premarin 36cpr 0,625mg","Premarin*36cpr 0,625mg","Premarin*36cpr 0,625mg",1,1,4,2.79,,,,Taxable Goods,1,1,457,002792036,2759,premarin-36cpr-0-625mg-002792036
002792188,default,Default,simple,54,base,"Premarin 28cpr 0,625mg","Premarin*28cpr 0,625mg","Premarin*28cpr 0,625mg",1,1,4,2.33,,,,Taxable Goods,0,0,457,002792188,2759,premarin-28cpr-0-625mg-002792188
002792190,default,Default,simple,54,base,"Premarin 28cpr 1,25mg","Premarin*28cpr 1,25mg","Premarin*28cpr 1,25mg",1,1,4,6.50,,,,Taxable Goods,0,0,457,002792190,2759,premarin-28cpr-1-25mg-002792190
002860017,default,Default,simple,54,base,Luminale im 10f 1ml 200mg/ml,Luminale*im 10f 1ml 200mg/ml,Luminale*im 10f 1ml 200mg/ml,1,1,4,4.91,,,,Taxable Goods,9,1,509,002860017,2759,luminale-im-10f-1ml-200mg-ml-002860017
002860031,default,Default,simple,54,base,Luminale 20cpr 100mg,Luminale*20cpr 100mg,Luminale*20cpr 100mg,1,1,4,0.83,,,,Taxable Goods,2,1,509,002860031,2759,luminale-20cpr-100mg-002860031
002860043,default,Default,simple,54,base,Luminale 30cpr 15mg,Luminale*30cpr 15mg,Luminale*30cpr 15mg,1,1,4,0.81,,,,Taxable Goods,1,1,509,002860043,2759,luminale-30cpr-15mg-002860043
002866174,default,Default,simple,54,base,Chemicetina 3 Ov 500mg,Chemicetina*3 Ov 500mg,Chemicetina*3 Ov 500mg,1,1,4,7.80,,,,Taxable Goods,1,1,315,002866174,2759,chemicetina-3-ov-500mg-002866174
002866186,default,Default,simple,54,base,Chemicetina 3 Ov 250mg,Chemicetina*3 Ov 250mg,Chemicetina*3 Ov 250mg,1,1,4,5.72,,,,Taxable Goods,0,0,315,002866186,2759,chemicetina-3-ov-250mg-002866186
002868014,default,Default,simple,54,base,Menovis im 1f 5mg+50mg+1f 4ml,Menovis*im 1f 5mg+50mg+1f 4ml,Menovis*im 1f 5mg+50mg+1f 4ml,1,1,4,6.56,,,,Taxable Goods,0,0,5281,002868014,2759,menovis-im-1f-5mg-50mg-1f-4ml-002868014
002922058,default,Default,simple,54,base,Testoviron im F 100mg 1ml,Testoviron*im F 100mg 1ml,Testoviron*im F 100mg 1ml,1,1,4,4.47,,,,Taxable Goods,0,0,221,002922058,2759,testoviron-im-f-100mg-1ml-002922058
002922060,default,Default,simple,54,base,Testoviron im F 250mg 1ml Rp,Testoviron*im F 250mg 1ml Rp,Testoviron*im F 250mg 1ml Rp,1,1,4,7.28,,,,Taxable Goods,1,1,0,002922060,2759,testoviron-im-f-250mg-1ml-rp-002922060
002955072,default,Default,simple,54,base,Xamamina Mal Di Viag 10cps50mg,Xamamina Mal Di Viag*10cps50mg,Xamamina Mal Di Viag*10cps50mg,1,1,4,4.64,,,,Taxable Goods,0,0,236,002955072,2759,xamamina-mal-di-viag-10cps50mg-002955072
002955134,default,Default,simple,54,base,Xamamina 6 Gomme Mast 25mg,Xamamina*6 Gomme Mast 25mg,Xamamina*6 Gomme Mast 25mg,1,1,4,5.85,,,,Taxable Goods,0,0,236,002955134,2759,xamamina-6-gomme-mast-25mg-002955134
002991026,default,Default,simple,54,base,Diagran 40cpr Riv,Diagran*40cpr Riv,Diagran*40cpr Riv,1,1,4,8.05,,,,Taxable Goods,0,0,5281,002991026,2759,diagran-40cpr-riv-002991026
002992016,default,Default,simple,54,base,Streptomicina Solf.squibb 1/mu,Streptomicina Solf.squibb*1/mu,Streptomicina Solf.squibb*1/mu,1,1,4,1.16,,,,Taxable Goods,0,0,339,002992016,2759,streptomicina-solf-squibb-1-mu-002992016
003214018,default,Default,simple,54,base,Hydrotricine 24cpr Orosol 1mg,Hydrotricine*24cpr Orosol 1mg,Hydrotricine*24cpr Orosol 1mg,1,1,4,3.38,,,,Taxable Goods,3,1,238,003214018,2759,hydrotricine-24cpr-orosol-1mg-003214018
003247032,default,Default,simple,54,base,Profasi Hp im Sc 2f+2f 2000ui,Profasi Hp*im Sc 2f+2f 2000ui,Profasi Hp*im Sc 2f+2f 2000ui,1,1,4,2.53,,,,Taxable Goods,0,0,472,003247032,2759,profasi-hp-im-sc-2f-2f-2000ui-003247032
003268012,default,Default,simple,54,base,Sympatol os Soluz 10g 10%,Sympatol*os Soluz 10g 10%,Sympatol*os Soluz 10g 10%,1,1,4,2.91,,,,Taxable Goods,0,0,287,003268012,2759,sympatol-os-soluz-10g-10-003268012
003268024,default,Default,simple,54,base,Sympatol os Soluz 25g 10%,Sympatol*os Soluz 25g 10%,Sympatol*os Soluz 25g 10%,1,1,4,3.43,,,,Taxable Goods,0,0,287,003268024,2759,sympatol-os-soluz-25g-10-003268024
003283049,default,Default,simple,54,base,Agruvit S/z 16cpr Mast 500mg,Agruvit S/z*16cpr Mast 500mg,Agruvit S/z*16cpr Mast 500mg,1,1,4,3.02,,,,Taxable Goods,0,0,238,003283049,2759,agruvit-s-z-16cpr-mast-500mg-003283049
003311053,default,Default,simple,54,base,FENAZIL,"<h3>Denominazione</h3>  <p>FENAZIL</p>  <h3>Principi attivi</h3>  <p>FENAZIL 2% crema 100 g contengono: <b>Principio attivo</b>: Prometazina cloridrato 2,00 g. <b>Eccipienti con effetti noti</b>: Metile paraidrossibenzoato. FENAZIL 2% matita cutanea 100 g contengono: <b>Principio attivo</b>: Prometazina cloridrato 2,00 g. <b>Eccipienti con effetti noti</b>: Glicole propilenico, alcool cetilico e acido stearico. Per l&rsquo;elenco completo degli eccipienti vedere paragrafo 6.1.</p>  <h3>Eccipienti</h3>  <p>FENAZIL 2% crema Glicerolo, estere polietilenglicolico di acidi grassi, acido stearico, lavanda essenza profumata, metile paraidrossibenzoato, acqua depurata. FENAZIL 2% matita cutanea Acido stearico, alcool cetilico, glicole etilenico, glicole propilenico, lavanda essenza, alcool etilico.</p>  <h3>Indicazioni terapeutiche</h3>  <p>Uso temporaneo nel caso di punture di insetti ed altri fenomeni irritativi cutanei localizzati, quali rossore, bruciore e prurito.</p>  <h3>Posologia</h3>  <p><i>Fenazil matita cutanea</i> Frizionare leggermente e per alcuni secondi il Fenazil matita cutanea sulla parte interessata, 3 &ndash; 4 volte al giorno. <i>Fenazil crema</i> Applicare un leggero strato di Fenazil crema sulla parte interessata, massaggiando fino a penetrazione completa. Ripetere l&rsquo;applicazione 3 &ndash; 4 volte al giorno. Non superare le dosi consigliate.</p>  <h3>Controindicazioni</h3>  <p>Ipersensibilit&agrave; al principio attivo o ad uno qualsiasi degli eccipienti elencati al paragrafo 6.1. In caso di eczemi o lesioni secernenti. Controindicato nei bambini di et&agrave; inferiore a 2 anni.</p>  <h3>Avvertenze e precauzioni</h3>  <p>Il medicinale &egrave; solo per uso esterno. Non usare per trattamenti prolungati. L&rsquo;uso prolungato ed incongruo del medicinale pu&ograve; dare origine a fenomeni di sensibilizzazione allergica, con conseguente peggioramento della sintomatologia. Nel caso ci&ograve; si verifichi, occorre sospendere il trattamento, al fine di istituire una terapia idonea. Dato che l&rsquo;applicazione di Fenazil pu&ograve; ritardare i processi di cicatrizzazione, esso non deve essere impiegato per pi&ugrave; di 3 &ndash; 4 giorni consecutivi su lesioni nelle quali sia in atto tale fenomeno. Nel caso di eritema solare, non esporre la parte, dopo l&rsquo;applicazione, al sole. Qualora si manifestassero eruzioni cutanee, fenomeni di irritazione e bruciore il trattamento va sospeso. <i>Fenazil crema </i> Applicare la crema con precauzione ed in strato sottile quando la cute presenti abrasioni molto estese, per evitare un assorbimento sistemico del medicinale. L&rsquo;applicazione troppo abbondante di crema su aree molto estese della cute pu&ograve; determinare l&rsquo;assorbimento del farmaco e causare, in pazienti particolarmente sensibili, sonnolenza. <i>Fenazil matita cutanea </i> Usare solo su cute integra. Evitare il contatto del Fenazil matita cutanea con le mucose, le parti genitali e le ferite. Lavarsi le mani con acqua e sapone dopo l&rsquo;uso e richiudere bene il contenitore. Informazioni importanti su alcuni eccipienti Fenazil crema contiene: &ndash; metile paraidrossibenzoato pertanto pu&ograve; causare reazioni allergiche (anche ritardate) &ndash; estere polietilenglicolico di acidi grassi che pu&ograve; causare irritazione cutanea. <i>Fenazil matita cutanea </i>contiene: &ndash; glicole propilenico pertanto pu&ograve; causare irritazione cutanea &ndash; alcool cetilico e acido stearico, che possono causare reazioni cutanee locali (ad es. dermatiti da contatto).</p>  <h3>Interazioni</h3>  <p>Evitare l&rsquo;uso contemporaneo di altri farmaci per uso cutaneo.</p>  <h3>Gravidanza e allattamento</h3>  <p>Non risultano limitazioni d&rsquo;uso durante la gravidanza e l&rsquo;allattamento. &Egrave;, comunque, consigliato l&rsquo;uso solo dopo aver consultato un medico.</p>  <h3>Effetti sulla guida e sull'uso di macchinari</h3>  <p>Fenazil non altera la capacit&agrave; di guidare veicoli o di usare macchinari.</p>  <h3>Effetti indesiderati</h3>  <p>L&rsquo;applicazione topica della prometazina pu&ograve;, in qualche caso, indurre sensibilizzazione cutanea fino a forme di fotosensibilizzazione. L&rsquo;uso, specie se prolungato, dei medicinali per uso cutaneo pu&ograve; dare origine a fenomeni di sensibilizzazione: in tal caso, interrompere il trattamento e consultare il medico, per istituire una idonea terapia. <b>Segnalazione delle reazioni avverse sospette. </b> La segnalazione delle reazioni avverse sospette che si verificano dopo l&rsquo;autorizzazione del medicinale &egrave; importante, in quanto permette un monitoraggio continuo del rapporto beneficio/rischio del medicinale. Agli operatori sanitari &egrave; richiesto di segnalare qualsiasi reazione avversa sospetta tramite il sistema nazionale di segnalazione all&rsquo;indirizzo www.agenziafarmaco.gov.it/it/responsabili.</p>  <h3>Sovradosaggio</h3>  <p>Se accidentalmente ingerito in quantit&agrave; rilevante, il prodotto pu&ograve; causare inizialmente eccitazione nei bambini, mentre nell&rsquo;adulto predomina inizialmente sonnolenza. Non esistono antidoti specifici: la terapia &egrave; di tipo sintomatico (lavanda gastrica).</p>  <h3>Conservazione</h3>  <p>Conservare a temperatura non superiore ai 30&deg; C.</p>",FENAZIL,1,1,4,7.56,,,,Taxable Goods,18,1,239,003311053,2759,fenazil-003311053
003337033,default,Default,simple,54,base,Carboyoghurt 30cpr 330mg+50mg,Carboyoghurt*30cpr 330mg+50mg,Carboyoghurt*30cpr 330mg+50mg,1,1,4,6.75,,,,Taxable Goods,0,0,222,003337033,2759,carboyoghurt-30cpr-330mg-50mg-003337033
003350030,default,Default,simple,54,base,"Imizol coll 10fl 1d 0,5ml 0,1%","Imizol*coll 10fl 1d 0,5ml 0,1%","Imizol*coll 10fl 1d 0,5ml 0,1%",1,1,4,4.90,,,,Taxable Goods,0,0,269,003350030,2759,imizol-coll-10fl-1d-0-5ml-0-1-003350030
003366073,default,Default,simple,54,base,Cebion os Gtt 10ml 100mg/ml,Cebion*os Gtt 10ml 100mg/ml,Cebion*os Gtt 10ml 100mg/ml,1,1,4,5.58,,,,Taxable Goods,0,0,237,003366073,2759,cebion-os-gtt-10ml-100mg-ml-003366073
003366111,default,Default,simple,54,base,Cebion 10bust 1g Arancia,Cebion*10bust 1g Arancia,Cebion*10bust 1g Arancia,1,1,4,4.86,,,,Taxable Goods,1,1,237,003366111,2759,cebion-10bust-1g-arancia-003366111
003366147,default,Default,simple,54,base,Cebion 500 20cpr Mast Limone,Cebion 500*20cpr Mast Limone,Cebion 500*20cpr Mast Limone,1,1,4,5.85,,,,Taxable Goods,0,0,237,003366147,2759,cebion-500-20cpr-mast-limone-003366147
003366150,default,Default,simple,54,base,Cebion 500 20cpr Mast Arancia,Cebion 500*20cpr Mast Arancia,Cebion 500*20cpr Mast Arancia,1,1,4,6.57,,,,Taxable Goods,0,0,237,003366150,2759,cebion-500-20cpr-mast-arancia-003366150
003366162,default,Default,simple,54,base,Cebion 10cpr Eff 1g Arancia,Cebion*10cpr Eff 1g Arancia,Cebion*10cpr Eff 1g Arancia,1,1,4,5.31,,,,Taxable Goods,0,0,237,003366162,2759,cebion-10cpr-eff-1g-arancia-003366162
003366174,default,Default,simple,54,base,Cebion 10cpr Eff 1g Limone,Cebion*10cpr Eff 1g Limone,Cebion*10cpr Eff 1g Limone,1,1,4,5.22,,,,Taxable Goods,0,0,237,003366174,2759,cebion-10cpr-eff-1g-limone-003366174
003366198,default,Default,simple,54,base,Cebion 500 20cpr Mast S/zucch,Cebion 500*20cpr Mast S/zucch,Cebion 500*20cpr Mast S/zucch,1,1,4,5.85,,,,Taxable Goods,0,0,237,003366198,2759,cebion-500-20cpr-mast-s-zucch-003366198
003366200,default,Default,simple,54,base,Cebion 10cpr Eff 1g S/zucchero,Cebion*10cpr Eff 1g S/zucchero,Cebion*10cpr Eff 1g S/zucchero,1,1,4,5.22,,,,Taxable Goods,0,0,237,003366200,2759,cebion-10cpr-eff-1g-s-zucchero-003366200
003452048,default,Default,simple,54,base,VALONTAN BAMBINI,"<h3>Denominazione</h3>  <p>VALONTAN BAMBINI</p>  <h3>Principi attivi</h3>  <p><b> <i>Compresse rivestite</i> </b>: <u>Ogni compressa rivestita contiene:</u> <i>Principio attivo</i> Dimenidrinato 25 mg <b> <i>Supposte</i> </b>: <u>Ogni supposta contiene</u>: <i>Principio attivo</i> Dimenidrinato 25 mg Per gli eccipienti : vedi 6.1</p>  <h3>Eccipienti</h3>  <p><b> <i>Compresse rivestite</i> </b>: Ogni compressa rivestita contiene: <i>Eccipienti:</i> Saccarosio 15,0 mg, polivinilpirrolidone 2,0 mg, silice precipitata 1,5 mg, magnesio stearato 1,5 mg, amido di mais 45,0 mg, idrossipropilmetilcellulosa 1,875 mg, polietilenglicole 400&nbsp;&nbsp; 0,1875 mg, titanio biossido 0,9375 mg. <b> <i>Supposte</i> </b>: Ogni supposta contiene: <i>Eccipienti:</i> Silice precipitata 10 mg, gliceridi semisintetici 1500 mg.</p>  <h3>Indicazioni terapeutiche</h3>  <p>Prevenzione e trattamento della nausea, del vomito e della vertigine, proprie delle naupatie (mal di mare, d'auto, di treno, d'aereo).</p>  <h3>Posologia</h3>  <p>Nei bambini di et&agrave; fra 2-6 anni : 1 compressa o 1 supposta di VALONTAN bambini fino ad un massimo di 3 volte al di, secondo le necessit&agrave;. Nei bambini in et&agrave; fra 7-12 anni: 1-2 compresse o supposte di VALONTAN bambini 2-3 volte al d&igrave;. Si consiglia l'assunzione circa 30 minuti prima di ottenere l'effetto desiderato. Non somministrare a bambini di et&agrave; inferiore ai 2 anni (vedi 4.3) Nono superare le dosi consigliate. Non usare per trattamenti prolungati.</p>  <h3>Controindicazioni</h3>  <p>Ipersensibilit&agrave; al principio attivo o ad uno qualsiasi degli eccipienti. Controindicato nei bambini di et&agrave; inferiore ai 2 anni. Generalmente controindicato durante la gravidanza e l'allattamento.</p>  <h3>Avvertenze e precauzioni</h3>  <p>L'uso degli antiistaminici contemporaneamente a certi antibiotici o altri farmaci ototossici pu&ograve; mascherare i primi segni di ototossicit&agrave;, la quale pu&ograve; rivelarsi solo quando il danno &egrave; irreversibile. Usare con cautela in soggetti affetti da glaucoma, ipertrofia prostatica, altre sindromi di ritenzione urinaria, ostruzione intestinale, ipertensione arteriosa, malattie cardiovascolari, asma bronchiale, bronchite cronica o enfisema, ipertiroidismo. Il medicinale pu&ograve; esacerbare disordini convulsivi. Va pertanto impiegato con molta cautela nei soggetti affetti da epilessia. Le compresse contengono saccarosio, non sono quindi adatte per i soggetti con intolleranza ereditaria al fruttosio, malassorbimento di glucosio-galattosio o deficit di saccarasi-isomaltasi.</p>  <h3>Interazioni</h3>  <p>Durante il trattamento, allo scopo di impedire fenomeni additivi di sedazione, si dovr&agrave; evitare che al bambino siano somministrati farmaci che agiscono sul Sistema Nervoso Centrale.</p>  <h3>Gravidanza e allattamento</h3>  <p>Se ne sconsiglia l'uso durante la gravidanza. Nelle pazienti che allattano occorre decidere se rinunciare a nutrire al seno il bambino e iniziare il trattamento o, viceversa, proseguire l'allattamento evitando la somministrazione del prodotto.</p>  <h3>Effetti sulla guida e sull'uso di macchinari</h3>  <p>Non pertinente.</p>  <h3>Effetti indesiderati</h3>  <p>Il pi&ugrave; frequente effetto secondario degli antiistaminici &egrave; la sedazione che pu&ograve; manifestarsi come sonnolenza. Con l'impiego degli antiistaminici possono verificarsi secchezza delle fauci, fotosensibilit&agrave;, disturbi dell'accomodazione, disturbi della minzione, cefalea, anoressia, nausea, reazioni cutanee su base allergica. Meno frequentemente vertigini, astenia, insonnia (specialmente nei bambini), euforia, tremori, ipotensione, tachicardia e, ad alte dosi, specie nei bambini, convulsioni.</p>  <h3>Sovradosaggio</h3>  <p>La sonnolenza &egrave; il sintomo pi&ugrave; usuale di iperdosaggio. Dosi tossiche possono produrre: convulsioni, coma e depressione respiratoria. Nel caso attuare una terapia sintomatica; quando necessario, assistenza respiratoria.</p>  <h3>Conservazione</h3>  <p>Nessuna.</p>",VALONTAN BAMBINI,1,1,4,6.21,,,,Taxable Goods,0,0,235,003452048,2759,valontan-bambini-003452048
003488057,default,Default,simple,54,base,Artane 50cpr 2mg,Artane*50cpr 2mg,Artane*50cpr 2mg,1,1,4,1.32,,,,Taxable Goods,1,1,5281,003488057,2759,artane-50cpr-2mg-003488057
003559059,default,Default,simple,54,base,Testovis im 2f 2ml 100mg,Testovis*im 2f 2ml 100mg,Testovis*im 2f 2ml 100mg,1,1,4,2.07,,,,Taxable Goods,0,0,222,003559059,2759,testovis-im-2f-2ml-100mg-003559059
003604030,default,Default,simple,54,base,Fermenturto ad Os Liof 6fl,Fermenturto*ad Os Liof 6fl,Fermenturto*ad Os Liof 6fl,1,1,4,10.80,,,,Taxable Goods,0,0,240,003604030,2759,fermenturto-ad-os-liof-6fl-003604030
003671070,default,Default,simple,54,base,"Diftetall ad Iniet 1fsir 0,5ml","Diftetall*ad Iniet 1fsir 0,5ml","Diftetall*ad Iniet 1fsir 0,5ml",1,1,4,6.01,,,,Taxable Goods,0,0,670,003671070,2759,diftetall-ad-iniet-1fsir-0-5ml-003671070
003710011,default,Default,simple,54,base,Ektogan polv Derm 20g,Ektogan*polv Derm 20g,Ektogan*polv Derm 20g,1,1,4,7.45,,,,Taxable Goods,0,0,5281,003710011,2759,ektogan-polv-derm-20g-003710011
003714021,default,Default,simple,54,base,Carbonesia 32cialdini,Carbonesia*32cialdini,Carbonesia*32cialdini,1,1,4,6.48,,,,Taxable Goods,0,0,241,003714021,2759,carbonesia-32cialdini-003714021
003763164,default,Default,simple,54,base,Gonasi Hp im 3fl 2000ui+3f 2ml,Gonasi Hp*im 3fl 2000ui+3f 2ml,Gonasi Hp*im 3fl 2000ui+3f 2ml,1,1,4,3.56,,,,Taxable Goods,0,0,516,003763164,2759,gonasi-hp-im-3fl-2000ui-3f-2ml-003763164
